blockNumber,from,to
62,0xeA8b507Fe631FF68A94014C10357cB85f787B8E9,0x90ACc1C268C67079B508A16271691C68285bd7e4
61,0xae5165d3D0C9aa682557fe964c6dA645B84E9E1D,0xd999cF2418Dc2610415055EABF7F3fdE8Dc78E7A
61,0x888A56f39562C7C9912D52a2bBCD2755cB040eD8,0xA52604352FBC6e42ee8aa0333eE43aef01823730
61,0x7319F73b9569028c2f07a15D7dDacf357827daDb,0x49a1c6aE4330eDDaD4fC37D1f53e93d943A82E5D
61,0x4E19b146DdB09E11BCaB8EB3D50AAF733D047c37,0x98851731B98595D3F93b8d908D4498968392DfE8
61,0xc712E16F190368EE7B83FaEEb1fc3B628A6917A4,0x622FB0a31C9699F0F81A36D67655f6ea3180Efd3
61,0xE0729e308d7DbC396730DDb8dC9532EDD16c5e43,0xb060bf9CA6216c64d297b5bba04fA920B5154644
60,0xD0F7C46c201579A0538Fa23509ac6Af8f4ea83fb,0xe5F222c3E1594E3F3BCEf7DE3755a4c7aCD55d29
60,0xA1514884d15BdC326e0f98881EE83986EB15e095,0x49a1c6aE4330eDDaD4fC37D1f53e93d943A82E5D
60,0x7E9A64fcfbF0061E936d9BF4b0072E81F42a53d9,0xa4DDE280610342D8d82a280C08A252FC93CdD99b
60,0xF4A5dA054F0852F9065Dac7841A10BaD116E8f44,0x2Bd44A623242f81e748764F5Ac9A78102E930AaF
60,0x4da56F7F58Bc14c785CEe861D25B2c417FE6853f,0x167F7969aE2Ecf157306f798F63929903a02d771
60,0x116aBA0b7fd47fda021c97FB5420E7eeEA38B1F1,0xdfD024AE5Ae0fEcb00c04B06b46ef33305E4cD59
59,0x200d98CA004272717d17a6Fd695aD0BF4A1A63c7,0xb060bf9CA6216c64d297b5bba04fA920B5154644
59,0x19E397C8Bef2Fe2739CB7420DD7395eff1009F7D,0xA52604352FBC6e42ee8aa0333eE43aef01823730
58,0x43879cC390945ce205Cb7fCF087CD77876270844,0xA52604352FBC6e42ee8aa0333eE43aef01823730
58,0xbaB5C3503727A45113392dFA88A63Ec14bD59846,0xB329341FB7DAe66C7810bf550736eFF6f29C35Fd
58,0xC2ec072E3D0Ec7aF2810DBb269C60Ac16A0B9843,0xf7445Ad8A0CEf1F1B1F01EBc6C2B2dE6F95Fc096
58,0x2c3625303d1B2ea12443e2cB47A62E444AC528b3,0xaF0d9E9FaDC102794d44a1d2d92e4F58089DaDF0
58,0x78256E2bB0A958C8E15175DcE15f0fCA4E37d6C8,0xfD28f51Aa384748150dA2700727Cb11B42319372
57,0x738d173D3f7F9af457FaBFBeaD5E71645a50E9FD,0x90ACc1C268C67079B508A16271691C68285bd7e4
57,0x3019277E2D6A78F95858F7ECfeD7D524af2173f3,0x2538D94142Fac94Cb77d611b77cd68D2de60aC72
57,0x02b407863cEcb55762407dF9a2314c7ac2afc1ED,0xb060bf9CA6216c64d297b5bba04fA920B5154644
57,0xb7BdFD602539B6beBF94432BeA8812f8A0C7FCC6,0xaF0d9E9FaDC102794d44a1d2d92e4F58089DaDF0
57,0x15F74235fE456e2911621De5d003E9859E05c0Ee,0x2Bd44A623242f81e748764F5Ac9A78102E930AaF
57,0xbE32bc629459c1EFf5E157009811cE2E3CCCe005,0xfc1d12D9537CA4655515587dc9176A3e0cf5caDC
56,0x2F511fd8Be3eAa8F1E492585EbBe0BA3bf829812,0xbcD4c7dB5491e0aBD265EcE94d1320b69fd4FD6F
56,0x5984E6bD56041EE70286b6E5a553695C1e8e4FD1,0x2063a29a3Bb5c056586D07736737591d25A5e3D1
56,0x48BD49EFE54357a017cf398104196C0DFE8731dA,0x622FB0a31C9699F0F81A36D67655f6ea3180Efd3
55,0xD5EC79Cc332ae0c42FBA62Dd9D793747C5CD1FF1,0xB452F4D85E9bfE1EFD825f7f6B40E2bBB3F4BF48
55,0xDAAE361c14189e0b996E8377Fd710181F5Dfbca6,0x411f33f0E874E188D35D490e9961a7a1cc831c38
55,0x623f4884C0950dc2799867cd0b57aEa662D45928,0xa4DDE280610342D8d82a280C08A252FC93CdD99b
55,0x02EF6f09cA96E2dD03f8023B33A410A2e227C593,0xd999cF2418Dc2610415055EABF7F3fdE8Dc78E7A
55,0x6994C81035Df1A2da97D7CD43b54aCA876cf655D,0xD2458d392bb28B8AF8F1299c330979b1dA951bAa
55,0x936D6FE47EC4A40d4370a34C2d5410E881442840,0xA52604352FBC6e42ee8aa0333eE43aef01823730
54,0x76be2F3C0CBf75AF5078e097BfE69408440d9a4C,0xb060bf9CA6216c64d297b5bba04fA920B5154644
54,0xD77EC1A976B4e600EE7dEB91d3C99fb7917FdC8c,0x2063a29a3Bb5c056586D07736737591d25A5e3D1
52,0x623f4884C0950dc2799867cd0b57aEa662D45928,0xa4DDE280610342D8d82a280C08A252FC93CdD99b
52,0xd3bBB7A999bAd4d7887C8034E12cF731d5f7Bf8e,0xFF20F8b8B6406B1c97fa39A759E4b175Ae612cb0
52,0x78256E2bB0A958C8E15175DcE15f0fCA4E37d6C8,0xfD28f51Aa384748150dA2700727Cb11B42319372
52,0x200d98CA004272717d17a6Fd695aD0BF4A1A63c7,0xb060bf9CA6216c64d297b5bba04fA920B5154644
52,0x888A56f39562C7C9912D52a2bBCD2755cB040eD8,0xA52604352FBC6e42ee8aa0333eE43aef01823730
51,0xeA8b507Fe631FF68A94014C10357cB85f787B8E9,0x90ACc1C268C67079B508A16271691C68285bd7e4
51,0x7319F73b9569028c2f07a15D7dDacf357827daDb,0x49a1c6aE4330eDDaD4fC37D1f53e93d943A82E5D
51,0x02EF6f09cA96E2dD03f8023B33A410A2e227C593,0xd999cF2418Dc2610415055EABF7F3fdE8Dc78E7A
51,0x6994C81035Df1A2da97D7CD43b54aCA876cf655D,0xD2458d392bb28B8AF8F1299c330979b1dA951bAa
50,0xbE32bc629459c1EFf5E157009811cE2E3CCCe005,0xfc1d12D9537CA4655515587dc9176A3e0cf5caDC
50,0x19E397C8Bef2Fe2739CB7420DD7395eff1009F7D,0xA52604352FBC6e42ee8aa0333eE43aef01823730
50,0xC2ec072E3D0Ec7aF2810DBb269C60Ac16A0B9843,0xf7445Ad8A0CEf1F1B1F01EBc6C2B2dE6F95Fc096
49,0x936D6FE47EC4A40d4370a34C2d5410E881442840,0xA52604352FBC6e42ee8aa0333eE43aef01823730
49,0xD77EC1A976B4e600EE7dEB91d3C99fb7917FdC8c,0x2063a29a3Bb5c056586D07736737591d25A5e3D1
49,0x7E9A64fcfbF0061E936d9BF4b0072E81F42a53d9,0xa4DDE280610342D8d82a280C08A252FC93CdD99b
49,0xF4A5dA054F0852F9065Dac7841A10BaD116E8f44,0x2Bd44A623242f81e748764F5Ac9A78102E930AaF
49,0xE0729e308d7DbC396730DDb8dC9532EDD16c5e43,0xb060bf9CA6216c64d297b5bba04fA920B5154644
48,0x48BD49EFE54357a017cf398104196C0DFE8731dA,0x622FB0a31C9699F0F81A36D67655f6ea3180Efd3
48,0xA1514884d15BdC326e0f98881EE83986EB15e095,0x49a1c6aE4330eDDaD4fC37D1f53e93d943A82E5D
48,0x4da56F7F58Bc14c785CEe861D25B2c417FE6853f,0x167F7969aE2Ecf157306f798F63929903a02d771
47,0x2c3625303d1B2ea12443e2cB47A62E444AC528b3,0xaF0d9E9FaDC102794d44a1d2d92e4F58089DaDF0
47,0x43879cC390945ce205Cb7fCF087CD77876270844,0xA52604352FBC6e42ee8aa0333eE43aef01823730
47,0x2F511fd8Be3eAa8F1E492585EbBe0BA3bf829812,0xbcD4c7dB5491e0aBD265EcE94d1320b69fd4FD6F
47,0xc712E16F190368EE7B83FaEEb1fc3B628A6917A4,0x622FB0a31C9699F0F81A36D67655f6ea3180Efd3
47,0x76be2F3C0CBf75AF5078e097BfE69408440d9a4C,0xb060bf9CA6216c64d297b5bba04fA920B5154644
47,0xbaB5C3503727A45113392dFA88A63Ec14bD59846,0xB329341FB7DAe66C7810bf550736eFF6f29C35Fd
46,0xD0F7C46c201579A0538Fa23509ac6Af8f4ea83fb,0xe5F222c3E1594E3F3BCEf7DE3755a4c7aCD55d29
46,0x738d173D3f7F9af457FaBFBeaD5E71645a50E9FD,0x90ACc1C268C67079B508A16271691C68285bd7e4
46,0xb7BdFD602539B6beBF94432BeA8812f8A0C7FCC6,0xaF0d9E9FaDC102794d44a1d2d92e4F58089DaDF0
45,0x4E19b146DdB09E11BCaB8EB3D50AAF733D047c37,0x98851731B98595D3F93b8d908D4498968392DfE8
45,0x5984E6bD56041EE70286b6E5a553695C1e8e4FD1,0x2063a29a3Bb5c056586D07736737591d25A5e3D1
45,0xD5EC79Cc332ae0c42FBA62Dd9D793747C5CD1FF1,0xB452F4D85E9bfE1EFD825f7f6B40E2bBB3F4BF48
45,0x02b407863cEcb55762407dF9a2314c7ac2afc1ED,0xb060bf9CA6216c64d297b5bba04fA920B5154644
45,0xae5165d3D0C9aa682557fe964c6dA645B84E9E1D,0xd999cF2418Dc2610415055EABF7F3fdE8Dc78E7A
45,0x15F74235fE456e2911621De5d003E9859E05c0Ee,0x2Bd44A623242f81e748764F5Ac9A78102E930AaF
44,0x7E9A64fcfbF0061E936d9BF4b0072E81F42a53d9,0xf7445Ad8A0CEf1F1B1F01EBc6C2B2dE6F95Fc096
44,0x942f9003eb7d08B807671026C93496f640BA9266,0xB329341FB7DAe66C7810bf550736eFF6f29C35Fd
44,0xc712E16F190368EE7B83FaEEb1fc3B628A6917A4,0xe3d862658e5ca73eAD45E19223ea64949174dC89
44,0x411f33f0E874E188D35D490e9961a7a1cc831c38,0xf7445Ad8A0CEf1F1B1F01EBc6C2B2dE6F95Fc096
43,0x3A74C59048DE2873C57791d84c2DCdA754423AB9,0x6957fEF4F55ac877e58BcbA898b3B7e580722093
43,0xA4895c729AE37Cd6c9568e71B43b7f0692c4d11A,0x2063a29a3Bb5c056586D07736737591d25A5e3D1
42,0xA1E70FBa0b8B36Ee137167Ca48F696f209477213,0x94C93a1201222948F98f5a91A742222E050A73e3
42,0x33D280EBFb0B56b074Dbfaacea85ea98427031f7,0xE18a8a02a6172840a552270EBB93428C5505458E
42,0x789fb08034056089423C38e841A644Ed96ED1Cb6,0x5984E6bD56041EE70286b6E5a553695C1e8e4FD1
42,0x789fb08034056089423C38e841A644Ed96ED1Cb6,0x5984E6bD56041EE70286b6E5a553695C1e8e4FD1
42,0x7E9A64fcfbF0061E936d9BF4b0072E81F42a53d9,0xf7445Ad8A0CEf1F1B1F01EBc6C2B2dE6F95Fc096
42,0xB11696Ee0184b0D2b34ac8B72a40445D8daa3f8d,0xD0F7C46c201579A0538Fa23509ac6Af8f4ea83fb
42,0x282f3d51aC24Ccb8c914486891Db6737d78AD027,0xb7BdFD602539B6beBF94432BeA8812f8A0C7FCC6
42,0x41BDa12f69ea563a86c27FBBBDb58698B3281FF3,0x98851731B98595D3F93b8d908D4498968392DfE8
41,0x4Eb4e3134634a1FEd5FD2c8D37091430317b6548,0xbE32bc629459c1EFf5E157009811cE2E3CCCe005
41,0x88207fDCEfD4d35Aba72AAbFB4485ACfeF127f2E,0x02b407863cEcb55762407dF9a2314c7ac2afc1ED
40,0x2c3625303d1B2ea12443e2cB47A62E444AC528b3,0x623f4884C0950dc2799867cd0b57aEa662D45928
40,0x4da56F7F58Bc14c785CEe861D25B2c417FE6853f,0x2F511fd8Be3eAa8F1E492585EbBe0BA3bf829812
40,0xE18a8a02a6172840a552270EBB93428C5505458E,0x6994C81035Df1A2da97D7CD43b54aCA876cf655D
40,0x3ec2a3D11e177eA8bFf7D6cd9dF360EBcC52d584,0x4da56F7F58Bc14c785CEe861D25B2c417FE6853f
39,0x8162d17a2a4C8CD7C6DBc3a70361b9b296De7e2F,0xbaB5C3503727A45113392dFA88A63Ec14bD59846
39,0xF4A5dA054F0852F9065Dac7841A10BaD116E8f44,0x936D6FE47EC4A40d4370a34C2d5410E881442840
39,0xAD36fd9f848528303650b2474A0f78c5F9b5D3DD,0x7319F73b9569028c2f07a15D7dDacf357827daDb
39,0xE18a8a02a6172840a552270EBB93428C5505458E,0x15F74235fE456e2911621De5d003E9859E05c0Ee
38,0x67AFE82b6b1029E600425D5759952cc31FCC1cF0,0x4E19b146DdB09E11BCaB8EB3D50AAF733D047c37
38,0xE18a8a02a6172840a552270EBB93428C5505458E,0x15F74235fE456e2911621De5d003E9859E05c0Ee
38,0x4da56F7F58Bc14c785CEe861D25B2c417FE6853f,0x2F511fd8Be3eAa8F1E492585EbBe0BA3bf829812
38,0xAD36fd9f848528303650b2474A0f78c5F9b5D3DD,0x7319F73b9569028c2f07a15D7dDacf357827daDb
38,0x4a41fd6ebb46bEF397b6c9F827bffd4c9Bff443c,0xae5165d3D0C9aa682557fe964c6dA645B84E9E1D
37,0x6994C81035Df1A2da97D7CD43b54aCA876cf655D,0xeA8b507Fe631FF68A94014C10357cB85f787B8E9
37,0x2c3625303d1B2ea12443e2cB47A62E444AC528b3,0x48BD49EFE54357a017cf398104196C0DFE8731dA
37,0xB11696Ee0184b0D2b34ac8B72a40445D8daa3f8d,0xD0F7C46c201579A0538Fa23509ac6Af8f4ea83fb
37,0xe3d862658e5ca73eAD45E19223ea64949174dC89,0x78256E2bB0A958C8E15175DcE15f0fCA4E37d6C8
36,0xA4895c729AE37Cd6c9568e71B43b7f0692c4d11A,0x2063a29a3Bb5c056586D07736737591d25A5e3D1
36,0x55CF8Ef0Aa147d18fFE6f856eb79256CE3cAd38b,0x15c9808567c94557a3245D13045f157Fb2Cf0149
35,0x3ec2a3D11e177eA8bFf7D6cd9dF360EBcC52d584,0x4da56F7F58Bc14c785CEe861D25B2c417FE6853f
35,0x67AFE82b6b1029E600425D5759952cc31FCC1cF0,0x4E19b146DdB09E11BCaB8EB3D50AAF733D047c37
35,0x88207fDCEfD4d35Aba72AAbFB4485ACfeF127f2E,0x02b407863cEcb55762407dF9a2314c7ac2afc1ED
35,0xF4A5dA054F0852F9065Dac7841A10BaD116E8f44,0xC2ec072E3D0Ec7aF2810DBb269C60Ac16A0B9843
34,0x6994C81035Df1A2da97D7CD43b54aCA876cf655D,0xeA8b507Fe631FF68A94014C10357cB85f787B8E9
34,0xe3d862658e5ca73eAD45E19223ea64949174dC89,0x78256E2bB0A958C8E15175DcE15f0fCA4E37d6C8
34,0x7319F73b9569028c2f07a15D7dDacf357827daDb,0xD5EC79Cc332ae0c42FBA62Dd9D793747C5CD1FF1
34,0x2538D94142Fac94Cb77d611b77cd68D2de60aC72,0x90C18B7Bb6BD1464c02a55a192e452C8e3C360c1
33,0xE18a8a02a6172840a552270EBB93428C5505458E,0x6994C81035Df1A2da97D7CD43b54aCA876cf655D
33,0x2c3625303d1B2ea12443e2cB47A62E444AC528b3,0x623f4884C0950dc2799867cd0b57aEa662D45928
33,0x282f3d51aC24Ccb8c914486891Db6737d78AD027,0xb7BdFD602539B6beBF94432BeA8812f8A0C7FCC6
33,0x41BDa12f69ea563a86c27FBBBDb58698B3281FF3,0x98851731B98595D3F93b8d908D4498968392DfE8
33,0x942f9003eb7d08B807671026C93496f640BA9266,0xB329341FB7DAe66C7810bf550736eFF6f29C35Fd
32,0xF4A5dA054F0852F9065Dac7841A10BaD116E8f44,0xC2ec072E3D0Ec7aF2810DBb269C60Ac16A0B9843
32,0xF4A5dA054F0852F9065Dac7841A10BaD116E8f44,0x936D6FE47EC4A40d4370a34C2d5410E881442840
32,0x411f33f0E874E188D35D490e9961a7a1cc831c38,0xf7445Ad8A0CEf1F1B1F01EBc6C2B2dE6F95Fc096
32,0x7319F73b9569028c2f07a15D7dDacf357827daDb,0xD5EC79Cc332ae0c42FBA62Dd9D793747C5CD1FF1
32,0x8162d17a2a4C8CD7C6DBc3a70361b9b296De7e2F,0xbaB5C3503727A45113392dFA88A63Ec14bD59846
31,0x5406396bA05a3Ca83BA81aeAa7108Eb2f907C291,0xD5EC79Cc332ae0c42FBA62Dd9D793747C5CD1FF1
31,0x4Eb4e3134634a1FEd5FD2c8D37091430317b6548,0xbE32bc629459c1EFf5E157009811cE2E3CCCe005
31,0x2c3625303d1B2ea12443e2cB47A62E444AC528b3,0x48BD49EFE54357a017cf398104196C0DFE8731dA
31,0x4a41fd6ebb46bEF397b6c9F827bffd4c9Bff443c,0xae5165d3D0C9aa682557fe964c6dA645B84E9E1D
31,0x1b38e90f5487dd8Ee102E756a19D6727404ec809,0x55CF8Ef0Aa147d18fFE6f856eb79256CE3cAd38b
30,0x15c9808567c94557a3245D13045f157Fb2Cf0149,0xA52604352FBC6e42ee8aa0333eE43aef01823730
30,0xFF20F8b8B6406B1c97fa39A759E4b175Ae612cb0,0x7B90f3dd507CEA172Cd0814Fe611e71e16361C5a
30,0x5e4491492A34B135d7Ba9C213EF491EA3655C921,0x7472988409A9701dAd8509f494A68d17BaFd500A
30,0xEcDab251cE13393380218B337a2DF4F7293Fb440,0x1729deeda74a198d7cb68370AdFa48238C0C8e6F
29,0xA4B2A991d464c6ac87413DDC3fa0396124a93fA1,0xB2c79650D210e71516fc496D86233051241CD1B5
29,0x02b407863cEcb55762407dF9a2314c7ac2afc1ED,0xD2458d392bb28B8AF8F1299c330979b1dA951bAa
28,0xD5EC79Cc332ae0c42FBA62Dd9D793747C5CD1FF1,0x1111Dfb2531E16Cd4e77DBb9becFAC258241B7D2
28,0xDAAE361c14189e0b996E8377Fd710181F5Dfbca6,0xbcD4c7dB5491e0aBD265EcE94d1320b69fd4FD6F
28,0x20f4b84Ec3C4ED0BC6Aa585301AFDAb81E9CC65A,0xB329341FB7DAe66C7810bf550736eFF6f29C35Fd
27,0x03304705CE145F1Cb2797D871c40c1ce9225Eec0,0xB329341FB7DAe66C7810bf550736eFF6f29C35Fd
27,0x77DDb533c8Ee3eb0Bd4aA60c775FD063c1A93eAb,0x116aBA0b7fd47fda021c97FB5420E7eeEA38B1F1
26,0xbe284EB3980104556F41Ad6231405139a44F958F,0xeb05D42fB3cAd25A7aA20c95264a7172216908D7
26,0xb37e1986527b3CEF4d13B63A74F8F453605790F8,0xb060bf9CA6216c64d297b5bba04fA920B5154644
26,0xeb05D42fB3cAd25A7aA20c95264a7172216908D7,0xB329341FB7DAe66C7810bf550736eFF6f29C35Fd
25,0x7319F73b9569028c2f07a15D7dDacf357827daDb,0x4a41fd6ebb46bEF397b6c9F827bffd4c9Bff443c
25,0xD77EC1A976B4e600EE7dEB91d3C99fb7917FdC8c,0x7319F73b9569028c2f07a15D7dDacf357827daDb
25,0x03304705CE145F1Cb2797D871c40c1ce9225Eec0,0xB329341FB7DAe66C7810bf550736eFF6f29C35Fd
25,0x58D437F64f5759083d49d7B791af3E470B7613f4,0xdfD024AE5Ae0fEcb00c04B06b46ef33305E4cD59
25,0x9B6535b250a3621469D75b159E9ED46419F7e57C,0xF4A5dA054F0852F9065Dac7841A10BaD116E8f44
24,0x116aBA0b7fd47fda021c97FB5420E7eeEA38B1F1,0xF4A5dA054F0852F9065Dac7841A10BaD116E8f44
24,0xA1E70FBa0b8B36Ee137167Ca48F696f209477213,0xe3d862658e5ca73eAD45E19223ea64949174dC89
24,0xb37e1986527b3CEF4d13B63A74F8F453605790F8,0xb060bf9CA6216c64d297b5bba04fA920B5154644
24,0x7472988409A9701dAd8509f494A68d17BaFd500A,0xB11696Ee0184b0D2b34ac8B72a40445D8daa3f8d
24,0x02EF6f09cA96E2dD03f8023B33A410A2e227C593,0x4da56F7F58Bc14c785CEe861D25B2c417FE6853f
23,0x94C93a1201222948F98f5a91A742222E050A73e3,0x78256E2bB0A958C8E15175DcE15f0fCA4E37d6C8
23,0xB2c79650D210e71516fc496D86233051241CD1B5,0x6994C81035Df1A2da97D7CD43b54aCA876cf655D
23,0xF3D03Fa8D3BB6c03cf039B9d771bA6091Fe16b8A,0xE18a8a02a6172840a552270EBB93428C5505458E
23,0xf387F84b74E05416679eBbDbC79B509F7f2cAA47,0x3ec2a3D11e177eA8bFf7D6cd9dF360EBcC52d584
23,0x90C18B7Bb6BD1464c02a55a192e452C8e3C360c1,0x4Eb4e3134634a1FEd5FD2c8D37091430317b6548
22,0x15c9808567c94557a3245D13045f157Fb2Cf0149,0xA52604352FBC6e42ee8aa0333eE43aef01823730
22,0x053f3BF038E9A1b07107Ff72f6Ce91d7B6eF5590,0xE18a8a02a6172840a552270EBB93428C5505458E
22,0x7CA6203247349Bd182d3373C72e50300c4B4252D,0x2c3625303d1B2ea12443e2cB47A62E444AC528b3
22,0xeb05D42fB3cAd25A7aA20c95264a7172216908D7,0xB329341FB7DAe66C7810bf550736eFF6f29C35Fd
21,0xc712E16F190368EE7B83FaEEb1fc3B628A6917A4,0x8162d17a2a4C8CD7C6DBc3a70361b9b296De7e2F
21,0x4da56F7F58Bc14c785CEe861D25B2c417FE6853f,0x789fb08034056089423C38e841A644Ed96ED1Cb6
21,0x3A74C59048DE2873C57791d84c2DCdA754423AB9,0x88207fDCEfD4d35Aba72AAbFB4485ACfeF127f2E
21,0x7CA6203247349Bd182d3373C72e50300c4B4252D,0xAD36fd9f848528303650b2474A0f78c5F9b5D3DD
21,0x017e1410305C1b45870247970C84a5064de51F84,0x2c3625303d1B2ea12443e2cB47A62E444AC528b3
21,0x55CF8Ef0Aa147d18fFE6f856eb79256CE3cAd38b,0x7B90f3dd507CEA172Cd0814Fe611e71e16361C5a
20,0x02b407863cEcb55762407dF9a2314c7ac2afc1ED,0xD2458d392bb28B8AF8F1299c330979b1dA951bAa
20,0x20f4b84Ec3C4ED0BC6Aa585301AFDAb81E9CC65A,0xB329341FB7DAe66C7810bf550736eFF6f29C35Fd
20,0xDAAE361c14189e0b996E8377Fd710181F5Dfbca6,0xbcD4c7dB5491e0aBD265EcE94d1320b69fd4FD6F
20,0x61247a9105653513ea1B051dC6dF6dAF630514C1,0x67AFE82b6b1029E600425D5759952cc31FCC1cF0
20,0xC371FE06cA6b9a23050d76E32d9A46C1325583E6,0x77DDb533c8Ee3eb0Bd4aA60c775FD063c1A93eAb
20,0x11fBF07e28caFe6AcE7A2250BB2621151323C223,0x282f3d51aC24Ccb8c914486891Db6737d78AD027
19,0xDe65f6741bF69604438F798499B39f8ABaE72F42,0x5406396bA05a3Ca83BA81aeAa7108Eb2f907C291
19,0x15c9808567c94557a3245D13045f157Fb2Cf0149,0xaF0d9E9FaDC102794d44a1d2d92e4F58089DaDF0
18,0x89C7e9425d2fE8e97eFB3f302c39EeE1D59D430c,0xA4895c729AE37Cd6c9568e71B43b7f0692c4d11A
18,0x738d173D3f7F9af457FaBFBeaD5E71645a50E9FD,0x7f524B8CB43EAf8dcac3Cc8e866045015E63B0B3
18,0xd3bBB7A999bAd4d7887C8034E12cF731d5f7Bf8e,0xaF0d9E9FaDC102794d44a1d2d92e4F58089DaDF0
18,0xC371FE06cA6b9a23050d76E32d9A46C1325583E6,0xD2458d392bb28B8AF8F1299c330979b1dA951bAa
17,0xd3bBB7A999bAd4d7887C8034E12cF731d5f7Bf8e,0xaF0d9E9FaDC102794d44a1d2d92e4F58089DaDF0
17,0x789fb08034056089423C38e841A644Ed96ED1Cb6,0x7CA6203247349Bd182d3373C72e50300c4B4252D
17,0xae5165d3D0C9aa682557fe964c6dA645B84E9E1D,0xf387F84b74E05416679eBbDbC79B509F7f2cAA47
17,0xbe284EB3980104556F41Ad6231405139a44F958F,0x3A74C59048DE2873C57791d84c2DCdA754423AB9
17,0x4Eb4e3134634a1FEd5FD2c8D37091430317b6548,0x017e1410305C1b45870247970C84a5064de51F84
16,0x02EF6f09cA96E2dD03f8023B33A410A2e227C593,0x9B6535b250a3621469D75b159E9ED46419F7e57C
16,0x43879cC390945ce205Cb7fCF087CD77876270844,0x61247a9105653513ea1B051dC6dF6dAF630514C1
16,0xD5EC79Cc332ae0c42FBA62Dd9D793747C5CD1FF1,0x02EF6f09cA96E2dD03f8023B33A410A2e227C593
16,0xFfd60c967259203D7234315cEfe82aF3A9354e72,0x7472988409A9701dAd8509f494A68d17BaFd500A
15,0x0336E79ED33fF22F48d13860972F471a87bb81Fd,0x036d0F230f1F14B9B5c0DA4c12939ae8610fB29b
15,0xbb697567Cd0B030d15002209612Cac45Fc49Fdea,0xc712E16F190368EE7B83FaEEb1fc3B628A6917A4
15,0x1D26058ceB5BDb900e1e9cBEC72990BA66D67325,0xDe65f6741bF69604438F798499B39f8ABaE72F42
15,0xf387F84b74E05416679eBbDbC79B509F7f2cAA47,0x4da56F7F58Bc14c785CEe861D25B2c417FE6853f
15,0x10E7994505b9Ea29B04328303f02162223926c05,0xA1E70FBa0b8B36Ee137167Ca48F696f209477213
14,0x90C18B7Bb6BD1464c02a55a192e452C8e3C360c1,0x116aBA0b7fd47fda021c97FB5420E7eeEA38B1F1
14,0xC371FE06cA6b9a23050d76E32d9A46C1325583E6,0xD2458d392bb28B8AF8F1299c330979b1dA951bAa
14,0x76be2F3C0CBf75AF5078e097BfE69408440d9a4C,0x3A74C59048DE2873C57791d84c2DCdA754423AB9
13,0xae5165d3D0C9aa682557fe964c6dA645B84E9E1D,0x11fBF07e28caFe6AcE7A2250BB2621151323C223
13,0x7B90f3dd507CEA172Cd0814Fe611e71e16361C5a,0xF3D03Fa8D3BB6c03cf039B9d771bA6091Fe16b8A
13,0x116aBA0b7fd47fda021c97FB5420E7eeEA38B1F1,0xD77EC1A976B4e600EE7dEB91d3C99fb7917FdC8c
13,0x55CF8Ef0Aa147d18fFE6f856eb79256CE3cAd38b,0x90C18B7Bb6BD1464c02a55a192e452C8e3C360c1
13,0x33D280EBFb0B56b074Dbfaacea85ea98427031f7,0x7319F73b9569028c2f07a15D7dDacf357827daDb
13,0xbaB5C3503727A45113392dFA88A63Ec14bD59846,0x4da56F7F58Bc14c785CEe861D25B2c417FE6853f
12,0x4719931538684Dae82633C3f8F8b79626881539e,0x3A74C59048DE2873C57791d84c2DCdA754423AB9
12,0xd0E272387Ec2554d87D24A090c34ad6Dbe0aF810,0xB2c79650D210e71516fc496D86233051241CD1B5
12,0x2c3625303d1B2ea12443e2cB47A62E444AC528b3,0x053f3BF038E9A1b07107Ff72f6Ce91d7B6eF5590
11,0xC6072755cF4BaC68d1b5860C74BA9e300a3a721C,0x7CA6203247349Bd182d3373C72e50300c4B4252D
11,0x77DDb533c8Ee3eb0Bd4aA60c775FD063c1A93eAb,0xB502A9bF7Cbbc1B41e81D88585769B88F432AFEB
11,0x15c9808567c94557a3245D13045f157Fb2Cf0149,0xaF0d9E9FaDC102794d44a1d2d92e4F58089DaDF0
11,0x6957fEF4F55ac877e58BcbA898b3B7e580722093,0x2Bd44A623242f81e748764F5Ac9A78102E930AaF
10,0x5e4491492A34B135d7Ba9C213EF491EA3655C921,0x49a1c6aE4330eDDaD4fC37D1f53e93d943A82E5D
10,0x6994C81035Df1A2da97D7CD43b54aCA876cf655D,0xC2ec072E3D0Ec7aF2810DBb269C60Ac16A0B9843
9,0x4a41fd6ebb46bEF397b6c9F827bffd4c9Bff443c,0x2Bd44A623242f81e748764F5Ac9A78102E930AaF
9,0xD77EC1A976B4e600EE7dEB91d3C99fb7917FdC8c,0xb060bf9CA6216c64d297b5bba04fA920B5154644
9,0x78256E2bB0A958C8E15175DcE15f0fCA4E37d6C8,0x90ACc1C268C67079B508A16271691C68285bd7e4
9,0xF4A5dA054F0852F9065Dac7841A10BaD116E8f44,0x19E397C8Bef2Fe2739CB7420DD7395eff1009F7D
9,0x89C7e9425d2fE8e97eFB3f302c39EeE1D59D430c,0xa4DDE280610342D8d82a280C08A252FC93CdD99b
9,0x94C93a1201222948F98f5a91A742222E050A73e3,0xa4DDE280610342D8d82a280C08A252FC93CdD99b
8,0xBF27D8AD6d5DB4D6DC6d1B853783738eE55B32e7,0x4a41fd6ebb46bEF397b6c9F827bffd4c9Bff443c
8,0xc2a0f3FC29b419Fd6Dc5b95E4cf8CEf70A11d9FF,0x55CF8Ef0Aa147d18fFE6f856eb79256CE3cAd38b
7,0x525835d93e898F903A211c1BbA170E36D20EA8cc,0xFfd60c967259203D7234315cEfe82aF3A9354e72
7,0x6957fEF4F55ac877e58BcbA898b3B7e580722093,0x2Bd44A623242f81e748764F5Ac9A78102E930AaF
7,0x4a41fd6ebb46bEF397b6c9F827bffd4c9Bff443c,0x2Bd44A623242f81e748764F5Ac9A78102E930AaF
7,0xA39fE99640155342D2563C7586AEDE6d67E4F2A2,0x7B90f3dd507CEA172Cd0814Fe611e71e16361C5a
7,0xD266454c97CA834DEd9A9125af82C5Be4e94ec80,0x02EF6f09cA96E2dD03f8023B33A410A2e227C593
6,0xc32d98B1fe13d9DeB6320a2e49cD8C7039E4F845,0xf387F84b74E05416679eBbDbC79B509F7f2cAA47
6,0x0e5cf05199C497D974943708C1fD3AeB89E5cf47,0x116aBA0b7fd47fda021c97FB5420E7eeEA38B1F1
6,0x2d25d5e55623275ADaD004Eb6836CAc8344B2094,0x90C18B7Bb6BD1464c02a55a192e452C8e3C360c1
6,0xC371FE06cA6b9a23050d76E32d9A46C1325583E6,0xd3bBB7A999bAd4d7887C8034E12cF731d5f7Bf8e
6,0xD77EC1A976B4e600EE7dEB91d3C99fb7917FdC8c,0xb060bf9CA6216c64d297b5bba04fA920B5154644
6,0x7Cd396faF19AD06aC8fc4d0c0A35cC1Ca95D2060,0x43879cC390945ce205Cb7fCF087CD77876270844
5,0xc7B2FDC5df1364F55517F41feBba0bCc4fC86b6b,0xD5EC79Cc332ae0c42FBA62Dd9D793747C5CD1FF1
5,0xfc013060A3FA78300b630ECABC7570342B0501AB,0x33D280EBFb0B56b074Dbfaacea85ea98427031f7
5,0xE0b919f631e55c036d73b131B650DA68a7576Da4,0x76be2F3C0CBf75AF5078e097BfE69408440d9a4C
4,0xa63e7e6AA5Cdaa7CFAAeEb9cCA8adAbdC7a5102B,0xC6072755cF4BaC68d1b5860C74BA9e300a3a721C
4,0x89C7e9425d2fE8e97eFB3f302c39EeE1D59D430c,0xa4DDE280610342D8d82a280C08A252FC93CdD99b
4,0x4D7A44C5C3b7155EA7523623c08456a41B001B57,0x10E7994505b9Ea29B04328303f02162223926c05
4,0x94C93a1201222948F98f5a91A742222E050A73e3,0xa4DDE280610342D8d82a280C08A252FC93CdD99b
4,0xA1514884d15BdC326e0f98881EE83986EB15e095,0x58D437F64f5759083d49d7B791af3E470B7613f4
4,0x003bF18bfb20a420a62fccd57378f67Ec12D33B8,0xbb697567Cd0B030d15002209612Cac45Fc49Fdea
3,0x78256E2bB0A958C8E15175DcE15f0fCA4E37d6C8,0x90ACc1C268C67079B508A16271691C68285bd7e4
3,0x131b69a7cf8a130F04461dAeabb648f459a48f03,0x2c3625303d1B2ea12443e2cB47A62E444AC528b3
3,0xD6a319F273Cd1FfA2c7073d7eB42B7a4fCBF6811,0xae5165d3D0C9aa682557fe964c6dA645B84E9E1D
2,0x605e0cccBF47B01ce2F250dffe397d62A4D131f7,0x789fb08034056089423C38e841A644Ed96ED1Cb6
2,0xb4BA4b90df51d42a7c6093e92e1C7d22874c14f2,0xae5165d3D0C9aa682557fe964c6dA645B84E9E1D
2,0x5e4491492A34B135d7Ba9C213EF491EA3655C921,0x49a1c6aE4330eDDaD4fC37D1f53e93d943A82E5D
2,0x90a58b3aBe2D972f48F9b2F009491a93c5Dc63D9,0xd0E272387Ec2554d87D24A090c34ad6Dbe0aF810
2,0x5Cf614FfeCdfEFD8d1E5729715df7AD7e0bf93eC,0x4Eb4e3134634a1FEd5FD2c8D37091430317b6548
1,0x58D437F64f5759083d49d7B791af3E470B7613f4,
1,0xC6072755cF4BaC68d1b5860C74BA9e300a3a721C,
1,0x0336E79ED33fF22F48d13860972F471a87bb81Fd,
1,0x738d173D3f7F9af457FaBFBeaD5E71645a50E9FD,
1,0xE0729e308d7DbC396730DDb8dC9532EDD16c5e43,
1,0xFF20F8b8B6406B1c97fa39A759E4b175Ae612cb0,
1,0x017e1410305C1b45870247970C84a5064de51F84,
1,0xc712E16F190368EE7B83FaEEb1fc3B628A6917A4,
1,0x4da56F7F58Bc14c785CEe861D25B2c417FE6853f,
1,0x76be2F3C0CBf75AF5078e097BfE69408440d9a4C,
1,0x20f4b84Ec3C4ED0BC6Aa585301AFDAb81E9CC65A,
1,0x459900Ee9b2B1B0c99dAC08A5f2e1FFDe13110C8,
1,0x459900Ee9b2B1B0c99dAC08A5f2e1FFDe13110C8,
1,0xA1E70FBa0b8B36Ee137167Ca48F696f209477213,
1,0xE18a8a02a6172840a552270EBB93428C5505458E,
1,0x1729deeda74a198d7cb68370AdFa48238C0C8e6F,
1,0x41BDa12f69ea563a86c27FBBBDb58698B3281FF3,
1,0xe3d862658e5ca73eAD45E19223ea64949174dC89,
1,0x5984E6bD56041EE70286b6E5a553695C1e8e4FD1,
1,0x9701026391E8E0474C9a90f261bE9efc3Beb531D,
